"Guid","Name","SBQQ__MethodName__c","SBQQ__Version__c"
276d4777-b3f1-46d3-829c-5bcef05d17eb,a2X5f000000TcON,SBQQ.BatchablePluginTranspileUtil,228.7
35e38548-086f-4ffe-942d-0d632a7bcc8e,a2X5f000000TcOe,SBQQ.RootIdSetterParentSubscriptions,228.7
3de495b2-ad28-4402-8c8d-99e2e8f0ec1b,a2X5f000000TcOG,viewPricingGuidanceLineAction,228.7
415ebbd0-5ef7-4c27-931f-cbde6645fd00,a2X5f000000TcOL,SBQQ.InstallProcessorBatchQuantityEditable,228.7
529506cd-bd64-496d-83d8-e8615d3456e1,a2X5f000000TcOF,createAmendSubscriptionsCustomQleAction,228.7
53209aec-7aaa-45ca-bdc4-2f336949af28,a2X5f000000TcOY,SBQQ.ProductRuleRefFieldGenerator,228.7
6de8a79d-95a7-4b12-bfbf-7eb729971aa8,a2X5f000000TcOd,SBQQ.BatchableConfigAttrReferencedFieldUtil,228.7
6e7edca6-b9f5-4025-ba99-0f899e624f38,a2X5f000000TcOK,SBQQ.InstallProcessorBatchRegularPrice,228.7
736d84b2-e6a3-4ca0-a441-549781a967a3,a2X5f000000TcOX,SBQQ.SummaryVarRefFieldGenerator,228.7
7898b030-de62-4c22-953d-d6dedc327b6e,a2X5f000000TcOI,enableFlagToPreventBackdatedAmendments,228.7
7c0e94c9-6727-4e5f-96cc-560d99c8c8fe,a2X5f000000TcOb,SBQQ.CustomActionRefFieldGenerator,228.7
7e59985b-6c9c-46f0-8a37-ecf33ec44d05,a2X5f000000TcOh,SBQQ.RootIdSetterChildAssets,228.7
806a19b1-259d-4daa-b00a-4e349605c212,a2X5f000000TcOT,SBQQ.InstallProcessorBatchThemeGenerator,228.7
81b7ca95-87cc-4ec5-aa62-1a10895cdabd,a2X5f000000TcOU,SBQQ.InstallProcessorBatchAssetCombineKey,228.7
8f176396-0737-4344-884c-1c009a6e5dcd,a2X5f000000TcOf,SBQQ.RootIdSetterParentAssets,228.7
9460621c-32b2-4afa-af76-aa9505ad2206,a2X5f000000TcOQ,SBQQ.ReferencedFieldRemover,228.7
987e6199-c11b-48e8-bb0d-4405b80b0443,a2X5f000000TcOZ,SBQQ.PriceRuleRefFieldGenerator,228.7
9c51ed68-5e4f-41f4-8090-b77dcb547fd3,a2X5f000000TcOR,SBQQ.InstallProcessorBatchLocalizationIndex,228.7
a10e302f-6d0a-42ac-910a-889f7cfc4228,a2X5f000000TcOO,SBQQ.InstallProcessorBatchQLIPriceBookEntry,228.7
a6a9dc1d-3a23-4246-b0e6-d6136a3268b0,a2X5f000000TcOV,SBQQ.DiscountScheduleRefFieldGenerator,228.7
b7a5bedc-a3d0-4cd6-a6ba-123736c18b06,a2X5f000000TcOW,updateOIsWithAssetsContractsSubs,228.7
bab68103-0664-4b17-a801-5788d5731b21,a2X5f000000TcOc,SBQQ.ProductRefFieldGenerator,228.7
c0061ae4-ccca-4738-aa94-0996935f07e9,a2X5f000000TcOJ,createAddRecommendedProductsAction,228.7
d043f1d0-f673-4dd1-98b7-889efd845a6e,a2X5f000000TcOa,SBQQ.InstallProcessorBatchHasCS,228.7
d7182e3f-93f6-4396-bc20-faab18c9078c,a2X5f000000TcOC,createCustomActionsOnQLE,228.7
db36b15a-92d8-48f1-a44d-5cb43854bab0,a2X5f000000TcOH,createConfiguratorEditRulesAction,228.7
e1b937e9-ce28-4a12-99da-6e17780309c9,a2X5f000000TcOE,createExternalConfiguratorCustomAction,228.7
e27e27d5-18a8-4aff-a94a-025a56687098,a2X5f000000TcOP,SBQQ.InstallProcessorBatchRequiredByAsset,228.7
e7f2fff3-f2e7-4e10-8897-a9ac9eeadb57,a2X5f000000TcOS,SBQQ.BatchableDSExclusionGenerator,228.7
f273fde6-2f00-4073-8737-85f5eca20b96,a2X5f000000TcOg,SBQQ.RootIdSetterChildSubscriptions,228.7
fca1e0d1-b5c4-40bc-8ab1-6eaf24cec5c4,a2X5f000000TcOM,CalculatorReferencedFieldRemover,228.7
fe94c6da-f199-45a8-8ca3-faa9e7f04ba6,a2X5f000000TcOD,createViewConsumptionScheduleLineAction,228.7
